Name,Age,Food Supply (Days),Water per Day (Liters),First Aid Kits,Antibiotics,Painkillers,Weapons Available,Defensive Structures,Training Level,Radios Available,Access to Reliable Information,Support Groups Available,Entertainment Available
Sophia,43,13,4.150040328,4,10,21,21,5,2,15,No,Yes,Books
Emma,35,10,3.127284936,10,16,8,,7,3,12,No,Yes,Games
Sophia,30,14,3.529119294,4,13,,76,8,3,11,Yes,No,Books
James,53,16,4.840360727,10,14,10,60,4,2,16,No,No,Games
Michael,27,3,4.845704026,4,15,31,89,0,2,14,Yes,Yes,Books
Michael,18,13,4.350490395,0,13,13,83,7,3,2,No,No,Books
Olivia,32,30,4.331494407,7,8,11,61,8,3,2,Yes,Yes,Games
Sophia,59,21,2.186817934,2,12,14,35,1,5,17,No,No,Books
Jane,44,7,3.158957192,6,14,8,4,8,0,13,Yes,Yes,Books
Jane,22,26,2.483179671,3,3,1,16,1,1,18,Yes,No,Games
Sophia,45,18,2.388770819,4,8,32,27,3,4,9,No,Yes,Games
William,50,3,3.229664248,5,2,27,61,10,2,18,Yes,No,Books
William,40,15,4.355948021,0,7,3,39,1,5,20,No,Yes,Games
Sophia,18,13,1.843000559,3,15,22,65,3,0,20,No,No,Books
Olivia,24,16,1.188064758,8,1,6,59,8,3,3,Yes,No,Books
Sophia,53,9,1.478044448,2,5,30,60,9,0,2,No,No,Books
Michael,46,26,3.691790752,10,10,49,65,1,3,13,No,No,Books
Sophia,41,25,3.688326669,7,4,37,88,0,1,10,Yes,Yes,Games
John,55,18,1.909934231,9,5,45,97,3,5,13,No,Yes,Games
Sophia,52,29,1.925594248,7,1,34,100,6,0,5,No,No,Books
Olivia,49,14,1.101138651,8,6,37,,8,0,16,Yes,No,Books
Olivia,28,13,4.491212962,8,8,16,37,5,1,2,No,Yes,Games
Olivia,38,0,2.904986731,0,14,34,20,8,0,4,Yes,Yes,Games
John,47,30,3.862151085,0,16,12,41,7,5,7,Yes,Yes,Games
Sophia,25,3,4.712553626,9,16,16,50,1,3,11,Yes,Yes,Games
William,54,30,3.742527591,8,7,46,55,8,2,0,No,No,Books
Olivia,49,2,4.913726214,10,12,38,85,8,2,18,Yes,Yes,Games
John,43,2,3.08885976,1,0,50,4,1,3,19,No,Yes,Games
Emma,55,12,1.125154479,9,0,24,44,6,1,20,Yes,No,Games
Michael,27,0,1.193605053,7,2,,59,1,0,16,Yes,No,Games
William,48,8,2.758809567,2,10,31,64,10,1,19,Yes,Yes,Games
Olivia,38,5,1.959160464,1,20,15,88,10,0,9,Yes,Yes,Games
John,36,8,1.157512067,3,7,26,100,5,1,10,No,Yes,Books
Emma,43,4,3.786415215,4,1,19,43,1,4,13,No,Yes,Books
James,58,3,1.601694763,1,3,42,92,0,0,2,No,Yes,Books
John,45,26,3.612556439,5,20,43,100,7,1,16,No,Yes,Books
Michael,22,15,2.002918245,3,2,14,88,2,0,2,No,Yes,Books
Emma,25,5,1.282457705,4,8,2,34,1,4,15,No,Yes,Games
Sophia,43,15,4.714331514,4,15,32,14,2,0,4,No,No,Books
Michael,57,10,3.204290725,0,3,4,56,4,2,13,Yes,No,Books
Jane,38,11,3.184374962,4,14,20,,9,4,13,No,Yes,Books
William,44,28,3.724904952,9,4,25,36,9,0,18,Yes,Yes,Books
Olivia,44,23,3.873235994,3,1,39,49,5,0,7,No,No,Books
John,23,11,1.29761366,4,7,11,68,9,0,12,No,Yes,Games
Michael,20,2,4.367094409,0,15,31,40,4,2,3,No,Yes,Games
Olivia,22,19,2.616616728,3,18,42,82,3,1,1,Yes,Yes,Books
Sophia,49,26,4.346617743,10,0,13,86,10,5,14,No,No,Games
Michael,40,22,3.894017081,3,4,45,44,8,5,10,Yes,Yes,Games
Sophia,43,8,3.981064323,6,5,34,68,0,3,20,Yes,Yes,Games
James,40,6,1.819666644,5,0,38,65,8,1,10,No,Yes,Games
James,20,1,3.638367155,9,15,10,96,4,4,4,No,No,Books
Michael,46,12,3.156720103,8,0,40,74,1,3,0,No,No,Games
Michael,22,4,1.421314637,8,5,48,54,10,3,0,Yes,No,Books
Olivia,50,6,4.201569422,1,9,30,87,2,3,3,Yes,Yes,Books
John,37,18,1.992023073,6,17,8,2,2,2,13,Yes,Yes,Books
John,47,15,3.197939688,1,4,38,1,6,4,15,Yes,Yes,Books
Michael,47,8,3.364917108,8,18,37,18,9,1,2,Yes,Yes,Books
John,18,4,1.313323332,4,5,30,88,10,3,3,No,Yes,Books
James,20,2,1.06122427,5,19,37,13,6,3,19,No,No,Games
William,57,18,3.360496349,2,4,20,31,9,0,2,No,Yes,Books
John,53,3,1.641377528,2,0,12,92,10,5,20,No,Yes,Books
William,59,20,4.152886941,10,9,36,,5,1,17,Yes,Yes,Books
Olivia,24,23,1.054600747,8,5,0,59,1,5,11,No,No,Games
James,48,14,4.234472995,6,14,7,3,9,0,17,No,Yes,Games
Sophia,21,11,4.508183457,5,1,35,79,6,2,15,Yes,Yes,Games
Olivia,32,29,4.670422599,0,13,16,27,6,0,16,No,Yes,Games
William,19,11,3.447900436,2,10,44,66,5,1,19,No,No,Books
Michael,49,9,3.422438302,3,2,33,37,8,5,13,No,Yes,Books
James,18,29,4.226489429,2,9,14,60,3,5,5,No,No,Games
Sophia,22,3,3.644823433,10,5,6,12,4,0,18,No,No,Books
Jane,37,3,3.554506637,10,3,,54,0,0,11,Yes,No,Books
Jane,54,26,4.038116497,5,13,47,76,2,4,1,No,No,Games
John,59,17,3.35197942,4,16,23,32,9,0,8,No,Yes,Games
Sophia,47,29,4.521040086,3,20,48,72,9,0,18,No,Yes,Books
Emma,35,0,2.34694049,8,15,50,47,5,0,17,No,Yes,Books
Michael,54,4,3.607333816,5,4,41,94,10,1,4,Yes,Yes,Games
John,41,10,1.256036448,8,1,16,24,5,5,3,No,No,Games
Emma,48,11,3.587783759,6,12,2,28,6,5,0,No,Yes,Games
Michael,36,12,1.621356769,6,13,3,83,9,5,19,No,Yes,Games
William,44,24,3.498733501,4,14,34,35,2,0,6,Yes,No,Games
James,18,7,3.473608709,6,17,16,53,5,0,17,No,No,Books
William,20,21,1.206744264,4,6,47,73,9,4,5,No,No,Games
Michael,22,18,2.768500111,1,13,11,55,10,2,2,Yes,No,Books
Olivia,52,6,1.373353386,2,2,49,51,1,0,3,Yes,No,Games
Jane,26,1,4.494567181,0,7,9,36,0,3,16,Yes,Yes,Books
James,29,27,3.286649084,9,6,7,31,4,2,19,No,No,Games
Olivia,49,21,4.217428536,7,9,20,50,3,5,0,Yes,Yes,Games
John,40,29,2.314438672,4,19,49,95,7,0,3,No,Yes,Books
Jane,24,14,4.543121626,6,5,13,,1,4,17,Yes,Yes,Games
Sophia,38,14,2.043283084,7,13,42,34,4,5,20,Yes,No,Books
Michael,55,23,1.566250521,6,10,32,39,0,1,4,No,Yes,Books
Olivia,51,18,1.773753964,5,4,,12,6,4,8,No,Yes,Games
William,36,26,3.816605563,4,12,,94,7,3,1,No,Yes,Games
Sophia,44,20,3.460452546,7,15,30,4,9,4,0,Yes,Yes,Books
James,55,26,2.732593135,10,15,14,85,10,2,9,Yes,Yes,Books
Sophia,44,7,4.355842976,1,19,18,74,1,3,0,Yes,No,Books
Olivia,40,15,1.889997969,2,17,34,65,1,5,8,Yes,Yes,Games
Sophia,39,21,1.983045942,9,0,5,90,6,3,4,Yes,Yes,Books
Sophia,39,14,1.71727319,6,2,16,12,2,2,19,No,No,Games
William,27,25,4.18359093,0,8,9,6,3,3,15,Yes,Yes,Books
John,45,9,1.970248006,2,1,4,30,6,3,11,No,Yes,Books
Jane,20,21,2.70561491,4,11,6,15,3,4,2,No,No,Books
Jane,57,18,2.817984731,10,15,14,46,5,3,19,Yes,Yes,Games
John,39,28,3.011574702,8,15,23,,1,5,0,Yes,No,Books
William,41,14,2.221508517,4,1,47,83,9,5,14,Yes,No,Books
Sophia,58,29,1.250191467,6,6,29,78,2,1,3,Yes,Yes,Games
Michael,36,22,3.097513307,9,20,28,9,6,4,13,Yes,No,Books
Jane,35,6,4.833549836,8,14,32,1,4,1,4,Yes,No,Books
William,34,25,4.836857083,3,3,42,17,6,4,10,Yes,No,Books
Jane,39,7,4.626018581,7,4,11,37,0,2,12,No,Yes,Books
John,50,17,2.243473675,6,5,5,8,2,4,5,No,Yes,Books
John,49,3,4.995549624,0,4,32,36,2,3,20,Yes,Yes,Games
Jane,34,24,2.158303463,3,13,42,11,5,1,9,No,No,Books
Emma,57,0,3.137255227,2,1,38,14,0,1,1,No,Yes,Books
James,41,20,3.171246259,1,16,,84,8,1,12,No,Yes,Books
William,21,1,3.969822053,10,7,39,84,4,0,19,No,Yes,Games
Emma,57,27,3.681263494,10,0,28,38,3,5,13,No,Yes,Games
Jane,48,23,3.707481665,10,20,40,23,3,3,4,No,Yes,Books
Michael,43,17,2.122404975,4,11,0,75,10,1,5,Yes,Yes,Games
Jane,43,18,3.952490213,7,2,5,77,9,1,0,No,No,Books
Sophia,43,16,3.268382551,7,5,1,14,6,0,3,No,Yes,Games
Olivia,32,0,3.707295258,9,4,6,86,0,1,3,No,No,Books
John,47,22,4.536536305,7,8,8,71,10,4,16,No,No,Games
Michael,42,27,3.347163464,3,10,12,8,8,4,1,No,No,Games
John,36,20,3.682057653,10,1,22,44,10,0,9,Yes,Yes,Games
Jane,27,15,4.642672321,8,11,10,8,0,3,1,Yes,Yes,Games
John,38,3,4.910157032,10,3,19,65,1,2,9,No,Yes,Games
James,41,10,1.889399709,8,10,38,35,9,5,17,Yes,Yes,Books
James,18,9,3.988052998,2,7,47,95,3,2,5,Yes,No,Books
Sophia,58,18,2.708212742,6,7,5,84,0,1,15,No,Yes,Games
William,27,23,3.795987224,1,17,47,20,6,3,13,Yes,Yes,Games
James,23,22,4.922417191,9,7,33,42,9,5,2,Yes,Yes,Games
William,48,29,4.526235902,7,8,43,30,3,1,17,Yes,No,Games
Jane,30,25,3.459711627,0,1,10,67,9,4,13,Yes,No,Books
John,40,7,4.482144079,5,17,6,,8,1,3,Yes,Yes,Books
Jane,42,12,2.773521833,7,2,14,17,2,5,0,No,Yes,Games
Michael,47,9,2.043669161,3,14,1,43,0,4,9,No,No,Games
Michael,60,4,2.254072734,9,12,17,50,9,3,19,No,Yes,Games
Olivia,36,8,2.468742136,3,17,50,18,6,1,19,Yes,No,Games
Michael,45,18,2.766230766,1,3,49,39,5,2,20,No,Yes,Games
William,30,15,1.996771027,0,3,3,57,6,2,15,Yes,No,Books
William,45,15,1.934457759,4,20,37,8,5,2,0,Yes,Yes,Games
William,56,1,3.63249889,8,19,40,99,4,3,4,Yes,Yes,Games
William,34,8,3.893625305,1,6,49,73,4,3,10,Yes,Yes,Books
William,36,30,4.389972688,8,17,16,22,3,2,6,No,No,Books
Jane,23,19,4.368517329,4,12,33,15,6,5,10,Yes,Yes,Games
Emma,22,20,4.014998151,7,1,,16,1,4,20,Yes,No,Games
James,24,5,1.282228524,3,9,43,2,1,5,9,No,Yes,Games
James,34,18,4.305208812,10,17,37,64,2,5,5,No,No,Games
John,30,8,4.309274109,7,4,44,6,3,0,9,Yes,Yes,Games
Jane,51,12,3.116130008,1,0,0,48,9,4,19,No,No,Games
James,24,9,4.156533929,6,8,22,2,8,1,5,Yes,Yes,Games
John,28,9,3.192274074,7,9,1,53,7,0,12,Yes,Yes,Books
Sophia,46,3,2.880367374,3,8,38,51,7,3,8,No,No,Books
James,43,4,2.479384596,9,19,21,45,7,5,17,No,No,Games
Jane,60,27,3.10939494,0,8,5,48,9,0,19,Yes,Yes,Books
Jane,21,20,2.728061865,1,9,19,89,6,4,3,Yes,No,Games
James,33,9,4.277540246,10,16,18,40,8,1,14,Yes,Yes,Books
William,52,28,3.798427006,8,5,13,56,9,1,17,Yes,Yes,Books
Michael,36,5,3.342983608,7,7,1,79,1,5,2,Yes,No,Games
James,55,19,2.707144837,0,6,10,94,4,0,20,Yes,No,Games
Olivia,32,30,2.285394798,9,7,26,15,3,0,9,No,No,Books
James,23,9,4.728897488,9,20,9,3,9,0,8,Yes,No,Books
Sophia,36,20,2.194493137,4,19,4,15,3,3,14,No,Yes,Books
Michael,57,24,1.999499175,9,1,13,,5,5,2,No,Yes,Books
Olivia,38,26,3.959776199,10,5,0,59,7,4,9,Yes,Yes,Games
Sophia,35,17,4.416060902,6,9,15,96,6,2,1,Yes,Yes,Games
James,38,6,4.8578449,10,5,0,74,0,5,12,Yes,Yes,Games
James,45,23,3.202953147,8,13,41,3,7,2,7,Yes,No,Games
Michael,59,28,2.453155579,4,15,49,57,1,1,4,Yes,Yes,Books
John,23,13,4.226203249,3,12,2,80,2,0,2,Yes,No,Games
Sophia,59,3,3.315182754,4,7,40,47,5,5,18,Yes,No,Games
Emma,59,7,4.299142546,3,15,20,38,2,5,2,Yes,Yes,Books
Sophia,29,10,3.143512876,1,5,42,9,2,2,5,No,Yes,Games
Jane,52,30,1.537454998,8,17,37,61,9,2,19,Yes,Yes,Games
Michael,29,22,4.580035119,7,0,45,36,3,5,16,Yes,No,Books
Sophia,51,2,1.29727792,8,8,16,66,7,2,13,Yes,Yes,Books
Sophia,53,12,3.543853942,1,3,41,69,8,2,18,Yes,Yes,Games
William,41,2,1.687987704,8,18,32,50,10,0,19,Yes,Yes,Books
John,26,25,3.889009711,1,16,6,22,6,2,12,No,No,Books
Jane,29,15,2.187717787,6,19,,43,6,5,19,No,Yes,Games
Sophia,59,15,1.386333127,9,1,1,25,0,5,19,No,No,Games
John,42,20,4.219307703,6,9,45,83,0,0,16,No,Yes,Games
Jane,52,26,1.303958917,2,4,,3,4,0,5,Yes,Yes,Games
Sophia,40,22,3.897054071,6,6,6,72,7,2,20,No,No,Books
Olivia,32,10,1.460494296,9,13,22,62,6,0,19,Yes,Yes,Books
John,49,3,2.319357739,5,7,36,84,0,3,1,No,Yes,Books
William,38,30,2.805082644,5,4,32,79,4,1,6,Yes,Yes,Games
John,18,24,3.023698563,5,4,5,74,9,2,8,No,No,Games
Jane,24,6,4.84440221,9,10,46,14,4,3,0,Yes,No,Books
Sophia,47,24,1.712820932,6,3,45,11,4,5,4,Yes,Yes,Games
John,21,13,3.103765342,9,4,30,15,6,3,3,No,Yes,Games
John,24,1,2.438238795,2,0,8,32,10,0,3,No,No,Games
William,35,5,4.487609108,0,2,17,68,8,3,14,No,No,Games
Emma,41,6,3.854717418,2,5,16,14,10,3,8,No,No,Games
Olivia,32,10,2.321522708,6,8,30,59,4,5,2,No,Yes,Books
Jane,19,13,3.895476528,0,1,32,,0,1,2,No,No,Games
John,22,17,2.280945252,10,19,43,43,10,3,8,Yes,No,Games
John,52,21,1.91821194,4,5,4,73,0,2,4,No,Yes,Books
Olivia,32,17,2.436677679,10,16,12,44,6,0,10,No,Yes,Books
John,38,27,4.602854149,0,9,43,9,9,1,17,No,Yes,Books
William,44,23,3.561199533,0,3,47,37,9,0,20,No,No,Games
John,46,20,2.135701391,6,17,39,36,1,1,17,No,No,Games
Olivia,45,11,1.700359107,10,11,6,11,6,1,2,Yes,No,Books
John,24,12,2.350027155,9,20,8,63,7,3,5,Yes,No,Games
Sophia,32,18,1.448851672,1,13,5,33,0,3,16,Yes,Yes,Books
William,33,8,2.662128697,5,2,45,31,8,2,15,No,No,Books
James,24,9,3.671212373,6,18,17,0,3,5,14,Yes,Yes,Games
Jane,27,4,4.118416907,1,1,19,1,5,5,14,No,No,Games
James,59,14,4.472938598,3,14,18,67,6,4,15,Yes,No,Games
James,21,29,3.604883809,9,19,19,30,0,1,5,No,Yes,Books
William,58,30,2.302891947,8,11,8,1,4,0,18,No,No,Books
Emma,59,16,4.497412726,8,0,34,91,5,4,15,No,Yes,Games
Michael,21,10,4.526414822,0,15,1,80,2,1,11,No,No,Games
Jane,60,7,4.579168576,6,16,1,95,9,3,12,No,No,Games
Olivia,25,23,1.473427492,10,10,44,,4,2,4,Yes,No,Games
John,44,10,2.18459934,1,11,24,39,2,5,18,Yes,No,Books
Jane,31,27,4.749858241,10,17,13,12,5,3,3,No,Yes,Books
Jane,32,20,1.293384923,10,2,,37,3,2,15,Yes,Yes,Books
Olivia,55,11,4.457033861,2,9,11,12,9,4,3,Yes,No,Games
Olivia,39,14,1.520386526,4,4,20,19,9,2,13,No,Yes,Books
John,47,22,3.996492675,4,20,21,79,6,4,4,No,No,Games
Emma,60,22,1.706927659,1,8,16,4,8,0,0,Yes,No,Games
William,25,7,2.078759941,2,9,16,93,4,2,11,Yes,No,Books
Sophia,32,2,2.908697512,1,2,20,38,1,4,0,No,No,Games
William,19,5,4.194359409,1,14,18,56,6,0,15,Yes,No,Games
Olivia,35,26,2.577901338,3,1,16,99,8,1,10,Yes,No,Games
James,60,2,3.821799371,1,16,16,40,5,5,10,No,No,Games
William,28,18,3.290373224,5,13,35,93,1,4,18,No,Yes,Books
Emma,57,19,1.453253721,4,2,34,85,2,0,6,No,No,Books
William,60,3,2.111223528,7,11,17,51,2,4,12,Yes,No,Games
Michael,46,22,1.700027573,2,19,13,32,3,0,12,Yes,Yes,Games
William,26,2,2.447249866,5,12,5,60,3,2,10,No,Yes,Books
William,36,17,2.002073848,0,2,20,24,0,4,11,No,No,Games
Sophia,34,21,4.740992176,1,10,43,70,4,0,3,Yes,No,Games
James,34,29,2.498463876,4,17,21,42,4,4,15,Yes,Yes,Books
William,58,1,2.276017843,5,18,47,5,8,0,4,Yes,No,Games
Olivia,39,16,1.758247717,5,19,32,70,3,0,20,Yes,No,Books
Sophia,49,8,2.649793774,4,4,24,55,6,2,19,Yes,No,Games
James,38,26,1.36807349,1,15,,61,8,2,11,No,No,Books
John,57,8,4.185009473,2,0,16,73,6,3,13,No,No,Books
Emma,48,22,4.232913415,10,5,43,21,0,5,1,No,Yes,Books
James,50,30,2.209083108,3,2,19,78,1,1,15,Yes,Yes,Books
James,43,5,3.381162793,5,6,26,65,4,0,14,No,No,Books
Michael,23,30,4.731834188,0,4,33,55,10,3,19,No,No,Games
Sophia,53,6,4.158656618,6,6,31,96,8,4,5,Yes,No,Books
James,50,11,1.716685798,5,17,5,27,3,4,19,No,Yes,Games
Olivia,52,22,1.447931313,9,2,35,78,2,2,16,Yes,No,Books
Michael,18,28,1.567297383,4,12,23,49,2,2,12,Yes,No,Books
Sophia,36,23,3.950741299,9,6,7,17,7,2,18,Yes,No,Games
William,30,28,4.583538453,3,1,9,18,6,5,14,No,No,Games
Sophia,49,19,4.582017676,2,17,47,77,3,1,13,No,Yes,Games
William,23,11,1.583956325,4,6,9,77,2,0,10,Yes,No,Books
William,20,1,3.336792287,1,4,10,96,1,5,19,Yes,Yes,Games
Jane,32,6,1.443836243,8,4,50,38,1,2,6,Yes,No,Books
Olivia,42,15,4.416220835,9,4,49,18,9,3,12,No,No,Games
James,34,20,3.098915637,6,10,26,63,3,4,17,No,No,Books
John,31,23,1.268214537,8,19,28,50,0,3,10,No,Yes,Games
Jane,35,22,3.688387769,3,8,39,79,7,2,12,Yes,No,Books
James,28,25,1.883168842,10,5,12,9,7,4,14,Yes,No,Books
Michael,31,10,3.489231186,6,13,46,95,9,3,9,No,Yes,Games
John,59,11,3.501389762,5,16,20,57,6,2,19,No,No,Books
John,48,6,3.111504951,5,11,35,87,1,0,14,Yes,Yes,Games
Jane,33,26,2.762529353,7,7,13,53,0,2,18,Yes,Yes,Games
James,21,4,1.656769459,7,17,3,35,8,0,4,No,No,Games
Olivia,38,21,3.245587779,5,16,21,75,1,0,2,Yes,Yes,Books
Sophia,21,8,3.756740627,4,20,14,81,1,1,17,Yes,No,Games
Sophia,35,12,2.018584198,9,12,39,27,8,5,14,Yes,Yes,Books
John,44,19,1.918699058,6,7,34,79,2,4,20,Yes,No,Games
James,29,0,3.909859039,1,9,22,56,9,5,14,Yes,No,Books
Sophia,47,17,2.068361684,10,12,23,69,6,5,4,No,Yes,Books
John,29,23,4.503267861,2,3,45,84,0,3,2,Yes,Yes,Games
John,39,3,1.630907916,8,15,49,68,8,0,7,Yes,No,Games
Emma,55,26,2.893286062,7,13,18,66,7,3,2,Yes,No,Books
Michael,55,26,4.264712946,1,10,8,56,0,3,6,No,No,Books
Olivia,32,29,3.268861038,10,2,6,68,9,2,1,No,Yes,Games
Emma,47,28,2.659029381,3,17,19,16,9,5,14,No,No,Books
Sophia,38,2,3.707513526,2,10,0,48,4,0,20,No,Yes,Games
Michael,37,22,2.66927595,7,6,20,48,6,3,13,Yes,Yes,Games
Michael,23,9,2.970357541,6,5,12,70,1,1,3,Yes,No,Games
Michael,30,24,4.920448449,1,8,34,18,1,4,11,No,No,Games
Sophia,32,15,2.702537876,6,12,34,86,3,5,5,Yes,No,Games
Michael,50,13,1.684093913,1,3,44,15,6,0,5,No,Yes,Games
Emma,49,29,3.154514113,1,15,22,4,1,1,9,No,No,Books
Sophia,38,21,3.092455758,7,14,9,9,6,4,7,No,No,Books
Olivia,31,9,2.71002819,10,19,0,84,2,0,5,Yes,Yes,Books
Sophia,23,0,2.523606865,4,6,7,61,9,4,19,Yes,Yes,Books
Sophia,39,26,3.208240742,4,7,10,76,3,3,8,Yes,No,Games
Olivia,19,26,4.876800199,10,3,47,62,10,2,2,No,Yes,Games
John,34,24,4.229123294,10,8,20,47,10,5,19,No,No,Games
William,25,6,3.880747393,5,4,12,100,9,5,2,No,No,Games
James,32,0,3.731001963,2,0,7,60,1,0,2,No,Yes,Books
William,40,14,2.7195125,9,16,4,68,3,1,8,Yes,Yes,Games
Jane,21,30,2.688476559,3,12,36,79,0,2,15,Yes,Yes,Books
Emma,38,13,2.483599203,4,16,46,68,10,1,0,No,No,Games
Jane,57,8,1.664569339,9,9,1,51,5,5,17,Yes,Yes,Games
John,34,4,3.063875608,5,16,42,47,4,4,1,No,Yes,Games
Jane,34,11,3.434911742,5,15,24,48,8,1,3,Yes,Yes,Games
Michael,31,23,2.118376451,9,11,43,82,4,1,10,Yes,No,Books
Sophia,39,23,2.87092316,2,12,15,60,3,0,19,Yes,No,Books
James,44,29,1.16155366,7,6,40,29,4,3,7,No,No,Books
Jane,51,16,2.03974179,1,7,36,0,2,0,9,No,Yes,Games
Sophia,43,24,3.179058924,9,1,26,14,0,0,17,Yes,No,Books
Sophia,53,4,4.381546203,2,5,24,85,9,3,1,Yes,No,Games
Olivia,37,14,1.033638955,6,6,27,46,1,5,11,No,No,Books
James,40,8,2.9321054,7,17,49,61,3,1,16,No,Yes,Games
Emma,53,21,4.764347188,2,12,43,47,9,4,17,Yes,Yes,Books
Olivia,27,21,4.428231345,0,19,22,100,0,4,14,Yes,Yes,Games
William,51,18,1.241238642,2,2,39,25,1,5,3,No,Yes,Books
William,27,24,1.896531644,3,3,21,31,2,2,18,No,No,Books
Emma,18,1,3.386033407,9,15,6,43,10,4,8,No,Yes,Games
Sophia,36,8,2.033205416,2,15,7,52,7,1,15,No,Yes,Books
Michael,18,22,3.711174413,5,10,27,12,8,0,18,Yes,No,Games
Michael,33,0,4.455943675,0,10,4,43,4,4,19,No,No,Games
Emma,54,15,1.906627871,9,6,30,71,6,0,1,No,No,Books
William,30,27,2.06666431,4,8,21,99,3,5,6,Yes,No,Games
Sophia,43,14,2.374276657,9,17,48,84,3,5,1,No,No,Games
Michael,27,5,4.17557342,8,4,24,25,4,4,8,Yes,Yes,Books
Sophia,53,22,2.120488957,1,1,18,0,3,1,9,Yes,Yes,Books
Jane,60,18,4.457581819,4,4,0,30,2,4,19,No,No,Books
John,21,24,2.992307953,4,16,28,62,8,5,11,No,Yes,Books
Emma,23,5,2.16710553,7,15,12,29,0,5,8,Yes,Yes,Games
Emma,29,22,3.250309757,7,19,42,8,5,3,9,Yes,No,Books
John,49,8,2.739198812,9,4,44,64,4,0,1,Yes,Yes,Books
Michael,45,28,2.975554016,8,6,23,71,5,5,11,No,Yes,Games
Jane,34,21,4.149623306,9,3,46,17,10,5,9,Yes,Yes,Books
Sophia,51,16,4.969550937,7,15,30,94,0,2,18,No,Yes,Games
John,54,5,3.405320665,1,8,27,71,9,3,4,Yes,Yes,Games
Jane,36,3,2.456880031,2,18,6,55,9,5,2,Yes,Yes,Games
Emma,39,2,4.548519121,1,12,46,17,1,5,12,No,Yes,Games
Jane,39,11,4.310886524,3,11,10,40,4,0,11,Yes,No,Games
John,56,2,3.754505047,5,7,11,66,1,4,0,No,No,Books
James,44,17,1.569118862,4,11,46,25,10,3,3,Yes,No,Games
Michael,58,16,4.34511052,3,14,7,94,4,2,14,Yes,Yes,Games
William,44,5,1.48531606,0,1,47,1,9,0,17,Yes,No,Games
James,55,10,2.739722544,5,1,40,34,3,0,0,No,Yes,Games
Michael,58,24,1.73456869,1,17,18,3,6,3,6,Yes,Yes,Games
James,22,4,4.410225983,5,0,41,79,5,1,11,No,No,Books
James,57,23,3.211315309,6,19,6,7,9,4,19,Yes,No,Books
Michael,21,20,2.919630456,7,7,23,26,3,5,13,No,Yes,Games
William,56,26,4.648705544,10,19,8,54,8,3,20,No,No,Books
William,25,6,4.907355897,3,1,24,0,3,3,2,No,Yes,Games
Sophia,49,7,3.859520459,8,5,1,68,9,4,6,No,No,Games
Olivia,18,2,4.933362006,9,8,22,77,8,0,1,Yes,Yes,Games
William,57,21,4.927369937,9,16,27,69,10,1,14,No,Yes,Books
John,31,7,1.433064272,9,20,16,29,2,5,5,No,Yes,Games
Sophia,30,0,3.352590647,6,15,30,18,2,1,10,No,No,Books
John,23,16,2.932207714,4,19,30,83,8,3,20,Yes,Yes,Games
Sophia,47,24,3.290314138,6,13,26,11,0,0,19,Yes,Yes,Books
Sophia,23,10,2.765970969,4,6,50,54,3,1,6,No,Yes,Books
James,59,8,4.735103168,1,5,0,18,10,3,19,Yes,Yes,Games
Michael,58,16,4.839986642,9,4,32,4,3,5,7,No,Yes,Books
Sophia,25,20,1.279803173,7,11,10,50,2,2,15,Yes,No,Books
Michael,22,20,2.76310196,10,11,44,24,5,1,2,No,Yes,Games
William,40,26,4.122277547,4,12,19,23,1,3,7,No,No,Books
Olivia,22,7,2.876053837,4,11,35,36,7,2,4,Yes,Yes,Games
John,54,24,2.933501938,0,17,37,86,10,1,3,Yes,No,Books
James,18,28,3.724130082,9,14,29,89,10,4,0,No,Yes,Books
Michael,18,3,3.479155817,6,9,41,37,9,2,12,Yes,Yes,Games
Olivia,59,12,4.119389316,5,18,33,56,6,1,16,Yes,Yes,Games
Michael,21,10,1.808863914,4,13,48,52,5,2,3,No,Yes,Games
John,29,12,1.506434957,9,17,46,86,10,3,7,Yes,Yes,Games
Jane,41,29,1.982606182,8,3,24,72,2,1,8,Yes,No,Games
Emma,27,2,1.35956706,10,0,43,54,1,2,19,Yes,No,Books
John,23,23,2.845928123,5,20,32,56,4,2,9,Yes,No,Games
William,30,4,2.161754167,0,19,37,15,3,5,5,No,Yes,Books
Michael,34,21,2.386731652,7,5,14,14,2,2,17,Yes,Yes,Books
James,45,0,3.51386164,10,14,30,17,4,2,16,No,No,Games
Olivia,30,26,3.726637721,0,10,17,17,3,0,9,No,No,Books
Olivia,32,1,1.687368241,1,14,19,23,9,2,2,No,No,Games
Emma,60,19,1.059972199,1,16,38,23,0,3,0,No,Yes,Books
Michael,46,16,4.877948736,10,4,5,12,7,5,14,No,Yes,Games
William,31,6,3.609647963,2,10,31,82,10,3,8,No,Yes,Books
Michael,45,2,2.293255394,2,16,34,49,5,0,10,No,Yes,Games
Jane,43,29,1.587379394,6,7,39,45,6,2,6,Yes,No,Games
Michael,44,24,1.314692013,3,7,47,21,1,3,7,No,No,Books
Michael,43,5,4.577521107,10,10,7,32,9,0,19,Yes,Yes,Games
John,37,15,1.230359837,0,12,13,5,1,0,15,No,Yes,Books
Sophia,32,0,3.040359253,9,7,6,32,7,2,5,No,No,Games
James,28,6,4.036755074,3,6,23,7,3,0,8,Yes,No,Games
Michael,47,23,1.910137181,6,4,31,23,4,3,18,Yes,No,Books
Michael,57,3,4.676777073,10,11,40,74,7,1,9,Yes,Yes,Games
William,21,0,3.239532193,5,3,15,25,1,2,2,No,Yes,Books
John,44,25,3.869469008,1,12,4,2,10,1,4,No,No,Books
Michael,44,25,1.804055047,0,5,35,3,10,3,14,Yes,Yes,Books
Sophia,18,5,2.819288339,10,8,21,46,5,4,18,No,Yes,Books
William,51,10,3.689805674,4,12,36,48,2,1,6,No,No,Books
John,20,4,1.503550105,4,18,10,55,1,1,8,No,No,Books
Emma,37,26,3.929781234,3,0,44,60,2,2,13,Yes,Yes,Books
James,44,20,2.417832013,10,11,12,15,0,4,18,No,No,Games
Emma,58,8,4.858363239,9,17,25,31,10,4,13,Yes,No,Games
John,27,9,2.006029705,5,13,18,35,10,2,7,No,Yes,Games
Emma,26,7,4.610493571,7,9,8,46,4,5,6,Yes,No,Games
Michael,53,16,4.402846848,2,7,30,53,6,3,9,Yes,No,Games
Emma,28,27,4.908868567,9,19,35,1,4,2,2,No,No,Books
Sophia,39,2,4.02194999,9,14,15,73,3,1,6,No,Yes,Books
Michael,27,27,1.472609318,0,1,23,28,3,1,0,Yes,No,Books
John,42,9,4.343521903,5,13,4,22,0,5,17,No,No,Games
Emma,29,19,2.961713123,4,17,47,89,9,5,2,Yes,Yes,Books
William,18,28,4.740376757,0,14,10,39,9,4,1,No,Yes,Books
James,43,8,3.7945736,10,5,27,42,8,3,9,No,Yes,Games
Olivia,50,26,4.06678073,10,10,2,35,6,4,15,No,No,Games
John,33,13,4.946069107,6,4,36,3,4,3,19,Yes,No,Games
Michael,37,7,2.496854386,3,20,7,29,10,4,2,Yes,Yes,Books
Jane,37,15,1.799366372,8,12,43,56,9,3,0,Yes,Yes,Books
John,36,25,2.810204756,5,0,45,9,5,2,7,No,Yes,Books
Jane,21,14,3.337041696,9,16,39,99,7,4,20,Yes,Yes,Games
James,59,10,4.165738378,10,16,38,15,10,2,18,No,No,Books
Emma,30,14,3.260237781,7,12,13,75,8,5,1,No,No,Games
Olivia,26,1,4.199833132,6,6,14,28,9,2,14,No,No,Books
Michael,29,0,4.694538259,2,2,16,57,6,2,1,No,No,Books
Michael,25,27,1.128697022,9,20,44,9,2,3,15,No,No,Games
William,45,1,3.030822282,6,9,46,83,0,3,4,Yes,No,Books
William,31,21,4.494121269,1,17,5,63,9,1,0,No,Yes,Games
Michael,33,12,1.532645374,5,9,15,40,4,3,13,No,Yes,Games
Sophia,21,4,3.874385288,10,2,4,15,9,1,9,No,Yes,Books
James,54,25,1.672246075,2,16,6,68,7,3,14,No,Yes,Games
Emma,54,15,2.207532488,2,13,5,60,1,0,17,No,No,Games
James,30,7,2.172203072,3,15,27,17,9,1,9,No,Yes,Books
Michael,32,25,1.450889909,10,5,0,55,7,4,13,Yes,Yes,Books
Olivia,53,9,2.550240057,0,5,37,41,0,5,5,Yes,Yes,Books
James,59,0,1.71509835,10,8,20,55,6,4,12,Yes,No,Books
Jane,43,2,1.444009303,8,11,21,62,9,0,12,No,Yes,Games
Jane,39,25,1.682763815,6,7,26,40,2,2,2,No,Yes,Books
Olivia,32,15,2.162464118,7,20,23,4,7,1,14,No,Yes,Games
Michael,26,24,4.613768802,5,1,7,25,5,3,9,No,Yes,Books
John,45,6,3.228433398,2,16,8,87,9,2,9,Yes,Yes,Books
Michael,42,21,3.87575571,4,9,40,69,9,4,4,Yes,No,Books
John,19,5,1.490213971,5,6,50,23,10,0,11,No,No,Games
Olivia,25,27,2.126735052,1,7,40,25,1,4,12,Yes,No,Games
Emma,32,15,2.16321678,7,13,48,37,5,0,20,No,No,Books
Olivia,42,14,3.890845866,6,8,0,75,4,0,20,Yes,No,Books
Michael,50,23,2.80182393,9,0,18,50,4,3,14,No,Yes,Games
Sophia,59,14,2.499944897,9,13,22,85,2,0,10,Yes,No,Games
Emma,33,2,3.958064408,7,19,36,19,0,0,17,No,No,Books
William,59,6,3.534839701,10,2,30,41,4,0,7,No,No,Games
John,22,7,3.934800946,0,2,38,83,5,5,13,Yes,No,Books
Michael,32,16,4.39385591,6,17,16,86,10,4,17,No,No,Games
Jane,57,5,4.579126939,2,9,9,3,10,4,9,Yes,No,Books
Emma,55,27,3.78911454,7,1,41,79,6,3,11,No,No,Games
James,34,16,1.991950987,9,5,11,82,4,1,13,No,No,Books
William,45,17,2.221094784,0,9,5,20,3,1,14,Yes,Yes,Games
William,40,6,4.967902707,4,4,29,18,7,0,10,Yes,No,Books
Emma,50,4,4.895007375,3,20,12,76,2,4,16,Yes,Yes,Books
William,52,0,1.060933587,9,13,3,76,5,1,14,No,No,Books
Jane,30,19,1.385056559,1,8,19,42,7,2,15,No,Yes,Books
Olivia,42,25,3.843752684,9,15,30,92,5,2,4,No,No,Books
Jane,27,29,4.420756866,8,5,9,62,7,0,6,No,No,Books
Sophia,43,17,1.143268722,2,17,36,83,2,2,5,No,No,Games
John,57,13,3.520673023,10,18,6,45,5,0,8,Yes,Yes,Games
Sophia,43,25,2.57860778,1,10,35,100,8,2,2,Yes,Yes,Books
John,39,22,3.171080234,4,5,50,40,7,1,9,No,Yes,Books
William,38,10,3.880200033,2,7,12,31,3,0,8,No,No,Games
Jane,45,28,2.31543037,7,5,31,89,5,3,9,No,No,Books
Olivia,42,10,4.707955944,5,0,24,3,9,0,5,No,No,Books
Emma,23,22,1.702278043,6,13,27,34,7,5,14,No,Yes,Games
John,20,24,4.315728389,10,4,35,32,4,0,9,No,Yes,Games
Olivia,45,20,3.162059483,10,18,2,21,5,4,6,No,No,Games
James,41,21,3.062411867,9,1,48,12,9,0,3,No,No,Books
Olivia,26,16,3.548144527,0,15,40,20,9,4,6,No,Yes,Games
Olivia,38,14,3.873053903,6,8,31,14,10,4,19,No,Yes,Games
William,24,3,4.850636472,5,5,45,20,7,2,0,Yes,No,Games
James,21,26,3.548887429,1,5,21,51,6,5,20,Yes,Yes,Games
Emma,20,29,1.25539619,2,18,24,81,10,0,14,No,Yes,Books
John,46,23,2.744407626,4,6,37,20,4,2,13,No,No,Books
Sophia,21,2,1.523505603,8,2,3,82,9,0,9,No,Yes,Games
Sophia,58,29,2.598909844,7,0,45,77,0,4,5,No,No,Games
William,20,23,1.68534414,8,8,40,4,6,4,4,No,Yes,Games
Olivia,58,3,3.70209398,10,9,12,77,6,2,20,Yes,No,Games
Olivia,40,4,2.74899966,8,15,26,9,7,1,14,Yes,No,Books
James,30,30,4.201854408,6,2,37,29,9,5,10,Yes,No,Games
James,20,5,3.757418813,1,1,9,23,4,1,20,No,No,Books
Jane,25,24,1.504578095,9,15,11,64,4,3,18,No,Yes,Games
James,52,27,3.633752454,5,13,5,1,3,4,4,Yes,Yes,Games
John,45,21,2.786819805,7,6,33,22,9,0,5,Yes,No,Books
Sophia,29,11,3.112771214,8,11,35,94,0,4,10,Yes,No,Books
William,47,14,4.008477702,7,3,21,14,9,3,8,Yes,Yes,Games
Emma,48,5,3.322901032,7,2,21,62,10,1,6,No,Yes,Books
Sophia,40,16,2.054615738,3,10,20,82,9,0,9,Yes,Yes,Games
Emma,47,11,3.10152684,2,12,46,96,5,4,19,Yes,Yes,Games
James,35,14,4.575157595,6,10,47,100,10,4,10,Yes,No,Books
John,54,0,1.516713775,1,6,3,81,3,4,12,No,No,Books
James,24,5,4.88179298,5,11,34,6,4,2,7,No,Yes,Games
Jane,49,15,3.713398074,0,12,29,1,8,2,11,Yes,No,Games
Emma,59,17,2.993975946,5,13,11,51,6,3,13,No,Yes,Books
William,31,29,2.986030019,1,2,36,53,9,4,14,No,No,Books
William,33,16,2.366522926,0,16,40,92,1,2,16,Yes,Yes,Books
James,28,30,2.492550141,5,18,3,42,4,5,5,Yes,Yes,Games
Jane,22,0,2.776854264,7,20,37,58,4,0,20,Yes,No,Games
William,21,25,3.197923303,8,12,2,31,6,0,15,No,Yes,Games
Sophia,42,18,2.054433462,0,9,27,4,4,0,12,Yes,Yes,Books
Olivia,20,15,4.12715443,9,6,13,58,9,1,6,Yes,No,Books
Sophia,27,1,3.696882839,3,14,36,25,6,5,5,Yes,Yes,Books
Jane,45,21,3.032064727,6,14,25,54,9,1,15,No,Yes,Books
Jane,29,17,1.389759129,7,9,8,26,3,0,14,No,No,Games
Emma,51,7,2.160099708,9,14,1,54,5,0,7,Yes,No,Games
Emma,24,9,2.024160189,2,0,15,84,0,0,0,Yes,Yes,Books
Olivia,48,28,3.808749991,10,2,50,15,4,0,9,No,Yes,Games
Michael,20,19,3.299407032,0,7,26,34,10,5,16,Yes,No,Books
Jane,49,20,1.929826353,4,6,20,95,7,5,13,Yes,No,Games
Michael,32,16,3.722033259,9,6,37,24,8,5,1,No,No,Books
James,44,26,3.932881948,6,20,16,97,0,4,14,Yes,Yes,Books
James,18,26,2.91373261,8,17,22,69,9,5,13,No,No,Games
Jane,20,22,2.444215064,10,16,36,28,3,2,1,No,No,Books
James,30,11,1.260778134,10,9,24,70,10,3,6,No,No,Games
James,23,30,4.321656097,9,5,11,98,10,2,4,Yes,Yes,Books
Emma,25,10,2.360374377,0,18,45,54,1,0,9,No,Yes,Books
Emma,49,24,2.857770839,4,17,42,14,4,3,0,No,Yes,Books
John,41,11,2.249143629,7,5,39,50,2,3,7,Yes,No,Games
Jane,38,11,3.059700217,8,17,7,22,8,3,20,Yes,Yes,Books
James,31,12,2.420811994,5,15,30,45,1,1,16,Yes,Yes,Books
James,43,1,3.969806401,6,2,22,30,8,5,1,No,No,Books
Michael,49,18,3.414152783,4,6,45,58,5,0,14,No,No,Games
William,19,2,2.851270731,6,8,8,3,4,3,16,No,No,Books
Michael,41,8,1.433817177,6,20,0,36,0,4,0,Yes,No,Games
John,48,8,3.337341132,0,14,29,82,10,1,5,No,No,Books
John,26,4,2.941792126,2,1,1,84,7,3,8,No,No,Books
John,21,28,1.030747844,6,13,16,0,5,2,5,No,No,Books
Emma,57,20,3.447949385,5,19,11,37,3,0,4,Yes,No,Books
John,40,6,3.634667371,4,4,34,23,0,1,7,No,Yes,Games
Michael,39,19,1.124826833,5,18,12,22,0,5,4,No,Yes,Books
William,36,19,2.838420219,9,18,37,66,3,5,4,Yes,Yes,Books
Emma,55,24,2.264171617,0,6,43,52,0,3,16,No,No,Games
William,46,19,1.837485026,9,1,25,48,8,1,16,Yes,Yes,Books
William,23,20,1.16996781,3,9,28,70,6,2,4,No,No,Books
John,39,22,3.552569681,8,4,44,3,10,2,12,No,No,Books
Sophia,46,11,2.709843841,0,1,38,74,3,1,16,No,Yes,Games
Emma,51,25,1.88898815,0,5,25,19,9,4,4,No,No,Books
James,43,2,3.717151068,5,14,26,3,5,2,9,Yes,No,Books
William,18,6,1.991364627,10,14,16,77,4,0,12,Yes,Yes,Books
Sophia,53,24,1.063333569,10,15,47,78,7,1,3,Yes,No,Games
Olivia,38,0,4.873139618,10,19,34,27,4,0,3,Yes,No,Books
James,20,3,3.702390768,6,10,35,62,7,2,15,No,Yes,Books
Emma,24,20,4.17926143,8,11,35,93,9,1,17,Yes,Yes,Books
John,45,15,3.627887998,0,6,7,6,2,0,10,Yes,Yes,Games
Sophia,28,8,4.095027716,0,11,21,22,6,3,2,Yes,Yes,Books
Olivia,26,27,1.59099378,10,16,3,7,3,0,7,Yes,Yes,Games
Olivia,59,7,4.60851967,3,7,0,45,7,1,4,No,No,Books
John,25,13,3.055547648,7,15,39,1,2,0,0,No,No,Books
John,19,10,2.566763363,10,2,2,79,5,4,7,Yes,No,Games
Jane,45,26,2.572135557,9,7,1,58,6,3,16,Yes,No,Games
Emma,20,22,3.388210662,0,2,44,34,0,0,16,No,No,Games
John,35,9,3.667644798,2,17,15,69,0,0,14,No,No,Books
Jane,29,6,1.217847972,9,18,9,22,4,3,9,Yes,No,Games
Olivia,43,17,1.227320364,1,19,35,85,4,4,13,No,No,Books
Olivia,50,3,1.880027948,3,5,26,95,1,0,19,No,Yes,Books
Sophia,33,14,4.962017435,4,14,9,86,0,1,5,Yes,No,Games
William,47,1,3.384048182,4,14,50,65,2,0,3,No,No,Games
Emma,48,27,1.611759197,2,17,41,20,5,4,19,Yes,Yes,Games
John,52,16,4.919488589,9,10,24,96,3,1,6,No,Yes,Games
Michael,24,8,3.997803847,9,10,27,23,9,5,2,No,Yes,Books
James,44,29,4.840003112,7,20,13,6,5,2,18,Yes,Yes,Books
Michael,38,7,3.093632778,7,3,3,83,0,0,3,No,No,Games
William,21,1,1.865301136,4,1,29,55,2,1,18,No,No,Books
Sophia,59,8,1.59520646,1,7,6,14,6,1,1,No,No,Games
Emma,57,0,1.257812282,1,19,24,80,2,3,5,No,Yes,Books
Jane,35,25,1.56595021,10,17,29,5,10,2,2,No,No,Books
James,29,0,2.591837841,2,11,37,0,9,1,15,Yes,No,Books
James,19,23,2.874366368,2,5,40,0,10,1,13,Yes,Yes,Games
Olivia,41,12,2.407952878,2,5,36,84,7,2,20,Yes,Yes,Games
James,55,10,3.964935829,8,1,40,96,6,4,5,No,No,Books
Jane,59,20,1.501858228,2,9,46,82,8,5,0,No,Yes,Books
Michael,36,13,4.93422351,4,1,11,57,4,2,3,No,No,Games
Michael,58,28,1.774066166,0,8,21,65,1,1,16,Yes,Yes,Books
Sophia,31,11,2.445548751,0,1,49,22,4,5,8,Yes,Yes,Games
Emma,39,11,2.703414199,8,2,27,32,2,0,5,No,Yes,Games
William,38,11,1.980574097,8,3,23,83,4,0,10,No,No,Books
Emma,32,29,4.113771379,10,19,49,86,6,5,1,No,Yes,Books
William,26,14,3.650405068,3,17,26,5,1,0,14,No,Yes,Games
James,26,26,2.051763582,7,3,1,51,6,1,3,No,No,Books
Emma,58,27,4.955754002,1,2,44,7,5,0,17,Yes,No,Books
Jane,50,2,2.804032329,7,14,33,43,6,3,6,No,Yes,Games
James,45,5,2.252582541,8,2,28,3,3,4,8,Yes,No,Games
Sophia,37,6,4.215451042,8,12,2,25,8,0,18,Yes,Yes,Books
John,50,22,3.129861905,3,5,41,68,10,4,2,No,Yes,Books
Olivia,46,1,1.154559865,5,6,10,99,8,0,9,No,Yes,Games
Emma,28,23,3.282591877,4,6,11,32,1,2,2,Yes,Yes,Books
Sophia,20,23,1.680625817,7,20,1,37,8,2,8,Yes,No,Games
Sophia,27,13,1.928666468,3,15,50,55,0,1,19,No,No,Games
John,40,12,3.139257088,1,0,46,17,0,5,17,No,No,Games
James,49,19,1.015703304,5,8,36,94,8,3,19,No,No,Books
Michael,26,4,3.193573543,4,13,15,92,7,5,8,No,No,Games
James,30,23,3.873810637,9,6,25,34,1,4,17,No,Yes,Books
John,50,16,2.28929245,5,7,29,92,3,2,10,Yes,No,Books
Michael,52,3,4.422731107,3,14,19,69,10,0,13,No,No,Books
Michael,51,16,3.684528671,2,8,46,96,2,3,0,No,Yes,Games
Sophia,24,4,4.527603685,10,10,31,70,4,2,3,No,Yes,Books
Sophia,37,23,3.933386143,10,8,36,20,4,1,15,No,Yes,Games
William,35,14,1.866061326,3,14,50,26,3,2,12,Yes,Yes,Games
William,25,29,4.455731391,10,9,3,77,5,5,6,Yes,No,Games
Michael,41,16,2.997307781,9,5,48,16,8,4,2,No,No,Games
John,46,28,3.360760798,5,11,45,6,0,3,2,Yes,Yes,Games
Emma,33,26,1.345153721,2,2,50,44,8,4,1,Yes,Yes,Games
Jane,31,0,1.309224689,9,8,2,89,4,3,8,Yes,No,Books
John,31,11,3.868129661,10,16,3,49,5,1,20,No,Yes,Books
Olivia,39,20,1.284951297,3,0,36,64,8,2,16,Yes,Yes,Games
William,52,30,3.938042406,2,10,39,25,10,4,11,No,Yes,Games
James,47,14,1.492188718,3,8,0,64,10,5,6,No,Yes,Books
Olivia,41,22,1.609185353,0,10,41,59,0,5,19,Yes,Yes,Books
Michael,59,14,4.312893411,10,13,2,77,7,3,19,No,Yes,Games
John,35,30,1.236156469,0,20,34,25,7,1,0,Yes,Yes,Books
Sophia,39,17,3.283042157,10,10,1,75,1,3,1,No,No,Books
Michael,31,20,4.54809866,2,2,21,30,9,0,11,No,No,Games
Olivia,44,10,4.384782891,1,7,39,44,9,2,17,Yes,Yes,Books
John,26,30,4.601878009,0,1,36,64,7,1,5,No,Yes,Games
Jane,40,22,2.689657793,5,1,49,19,8,4,6,Yes,No,Games
Jane,45,6,2.495044705,6,16,3,95,7,1,8,Yes,Yes,Books
James,26,30,4.495230905,5,16,4,42,4,0,14,Yes,No,Books
Olivia,19,2,4.151022724,9,18,22,69,3,4,6,Yes,No,Games
Emma,35,9,2.349332196,6,6,36,21,10,5,20,No,Yes,Books
William,49,24,1.172574715,3,16,39,51,10,2,11,Yes,Yes,Books
William,60,21,1.956176634,5,20,16,9,2,0,11,Yes,No,Books
John,41,0,3.645546797,10,15,46,83,7,3,12,Yes,Yes,Games
William,37,25,1.465385127,4,0,23,48,3,5,7,Yes,Yes,Books
Emma,49,14,4.28263522,9,17,32,88,7,4,0,No,Yes,Games
Sophia,47,10,1.610017132,2,0,23,55,10,0,2,Yes,Yes,Games
Jane,49,7,1.276512859,5,20,33,87,5,5,15,Yes,No,Games
Michael,19,5,3.11280126,1,7,3,93,9,5,14,Yes,No,Books
John,39,3,3.664482578,2,20,5,33,0,0,20,Yes,No,Books
William,19,12,4.42777742,8,20,35,98,6,2,19,Yes,Yes,Games
John,50,16,4.45288566,0,13,36,55,6,2,12,No,Yes,Books
John,36,26,2.386774102,10,1,5,5,6,5,10,Yes,No,Books
Olivia,30,16,4.166829958,6,17,9,43,6,5,19,No,No,Books
John,23,4,4.789954432,3,11,23,45,4,5,0,Yes,Yes,Books
James,18,11,3.728564499,7,16,4,74,4,3,6,No,Yes,Books
Emma,21,27,2.929548808,5,17,29,66,10,4,16,Yes,No,Books
Olivia,35,2,1.972560908,9,7,27,57,1,1,7,Yes,No,Games
James,52,9,3.256684242,0,14,8,79,4,3,4,No,No,Games
Michael,40,19,2.272417458,9,2,31,46,1,4,18,No,No,Books
Michael,59,16,4.435620592,1,19,31,37,8,0,4,No,Yes,Books
Olivia,59,12,3.407193498,5,0,35,45,10,5,4,Yes,Yes,Books
Jane,28,12,4.232223351,8,15,12,84,8,2,2,Yes,No,Books
James,32,7,1.583766449,5,16,15,89,6,5,17,Yes,Yes,Games
Michael,44,16,2.512758221,7,3,23,62,5,3,9,No,Yes,Games
Michael,24,18,1.824964687,5,16,41,0,8,5,4,No,Yes,Books
James,47,9,1.749306878,3,13,35,49,1,5,6,Yes,No,Games
Olivia,22,1,2.214647673,5,6,26,36,9,5,3,No,Yes,Books
Olivia,51,21,3.344224233,2,6,34,89,4,0,10,Yes,No,Books
William,27,3,3.035871441,3,19,36,68,10,3,19,No,No,Books
Emma,60,20,3.518471087,1,17,36,93,9,2,1,No,Yes,Games
Olivia,28,29,2.996620491,3,6,39,36,10,5,18,No,No,Books
Olivia,50,25,1.720369818,8,0,23,40,4,1,8,Yes,No,Books
Jane,23,14,2.976470057,6,11,32,64,6,5,19,Yes,No,Games
John,33,19,4.963224834,10,0,13,0,4,2,17,Yes,No,Games
Sophia,22,19,2.302013531,8,1,8,69,6,3,14,Yes,Yes,Books
Emma,26,1,2.115715917,2,16,6,39,2,2,2,No,Yes,Games
Sophia,30,4,4.236729713,10,19,36,65,0,2,5,No,No,Games
Olivia,29,22,2.367974692,2,7,33,1,8,3,3,Yes,No,Books
Jane,49,12,2.014483389,4,3,7,42,5,0,8,No,No,Games
Olivia,53,1,1.382197563,7,9,19,57,9,5,9,No,No,Books
Olivia,54,7,3.704735217,2,11,40,54,3,2,18,Yes,No,Games
Michael,36,25,2.934232127,6,5,35,38,1,4,12,No,No,Books
William,53,23,2.115479426,3,17,42,74,6,3,15,Yes,Yes,Books
Jane,49,20,3.519225439,3,0,29,21,7,1,17,Yes,Yes,Games
Sophia,53,9,1.146467962,2,14,49,98,0,3,4,Yes,No,Games
Emma,40,13,4.643976525,4,14,16,19,8,0,4,Yes,Yes,Games
William,23,26,1.790424575,0,9,41,19,6,5,20,Yes,Yes,Books
Jane,27,3,2.624032852,9,17,33,65,2,4,13,Yes,No,Books
Emma,24,14,1.128521721,4,2,11,50,5,4,2,Yes,Yes,Books
Emma,51,0,1.784971003,10,6,9,65,2,4,4,No,Yes,Games
Michael,25,17,3.659424007,3,10,20,24,9,2,10,Yes,No,Books
Olivia,37,29,3.716818699,9,1,30,55,6,4,7,No,No,Books
James,26,0,2.551982561,4,15,34,71,9,0,14,Yes,Yes,Books
William,49,5,2.749915248,1,6,44,53,3,2,17,Yes,No,Books
Michael,46,7,3.748905141,9,10,4,21,1,0,16,Yes,No,Books
Sophia,37,18,1.55148352,0,4,2,89,5,0,3,Yes,Yes,Games
Emma,38,13,1.983636413,9,13,15,30,1,3,16,No,No,Games
Sophia,26,18,3.59256944,0,5,46,91,5,3,11,No,No,Games
Emma,34,25,4.728056679,7,8,40,67,9,2,13,No,Yes,Games
Michael,37,17,2.980285672,6,4,48,6,10,1,9,Yes,Yes,Games
James,55,7,3.322304669,4,14,17,67,2,2,2,No,No,Books
Emma,58,12,3.940405038,10,4,19,15,5,3,20,No,No,Games
Olivia,53,3,2.42183464,9,17,0,30,10,5,2,Yes,Yes,Games
John,23,24,2.471648115,2,0,28,23,5,3,0,No,Yes,Games
Michael,54,2,3.443762747,6,0,23,21,8,1,7,No,No,Games
William,31,1,1.183725422,6,15,5,50,10,1,0,Yes,Yes,Games
James,31,7,4.918248889,9,14,19,82,9,4,5,Yes,Yes,Games
John,29,18,3.385261098,9,0,14,5,10,5,13,No,Yes,Books
Michael,48,15,2.535660769,10,4,10,30,9,3,16,No,Yes,Books
James,59,24,4.764287287,8,1,22,10,1,0,8,No,No,Games
James,42,8,1.269291993,7,1,45,22,8,4,12,No,No,Books
William,25,7,1.867005331,10,1,9,31,4,2,14,No,No,Books
Emma,47,18,3.905651379,3,13,31,64,5,5,13,Yes,Yes,Books
William,59,8,2.068985734,10,17,41,34,9,1,7,Yes,Yes,Games
Sophia,42,24,3.234012578,6,18,25,40,9,1,1,Yes,Yes,Games
Olivia,60,26,4.270837318,6,16,44,30,3,5,0,Yes,No,Games
William,42,12,4.345639974,5,17,44,65,10,3,16,No,No,Games
Emma,38,10,4.101259444,2,2,39,95,1,0,5,Yes,Yes,Books
Jane,30,29,1.464428249,2,0,46,55,0,3,9,Yes,Yes,Games
Emma,56,11,3.351755384,9,5,6,90,8,1,19,No,No,Games
Michael,55,14,1.205504993,4,13,38,20,10,1,16,No,No,Games
Emma,30,15,2.532973006,10,11,27,17,0,3,1,No,Yes,Games
Michael,27,8,2.256938568,7,1,21,6,10,2,10,No,Yes,Books
Olivia,28,24,3.904004189,2,14,29,95,4,5,3,Yes,Yes,Games
Olivia,36,29,3.807123927,5,7,22,14,9,2,17,Yes,Yes,Games
John,60,26,1.100867063,2,10,22,84,7,0,12,No,Yes,Games
Jane,35,18,1.082778473,0,10,43,37,4,0,20,Yes,Yes,Games
Olivia,18,27,2.030871588,5,19,42,48,1,4,14,Yes,No,Books
Michael,55,28,1.541031735,3,5,4,42,0,3,8,No,No,Games
James,57,9,3.769965896,3,11,12,89,4,1,19,No,Yes,Books
James,24,28,4.973826532,10,19,17,96,5,4,4,No,Yes,Books
Michael,41,1,2.324849836,1,18,46,43,4,0,18,No,No,Books
Michael,42,22,2.901145799,7,7,16,53,7,5,13,Yes,No,Books
Emma,44,0,2.250014116,9,12,19,26,9,5,17,Yes,Yes,Games
Emma,57,14,3.917062562,5,3,6,55,6,5,14,No,No,Games
William,55,18,2.315262145,10,10,1,34,10,4,9,No,No,Books
William,28,9,4.079572202,9,16,36,3,5,2,12,No,No,Games
Jane,34,15,2.082227353,4,12,30,75,2,0,5,No,No,Games
Jane,50,25,2.784962916,2,2,5,89,5,3,20,Yes,No,Games
Jane,22,27,3.851003914,10,0,15,33,5,0,1,No,No,Books
Jane,27,26,1.759145475,4,16,42,42,3,5,15,Yes,No,Games
Sophia,18,9,1.870325512,5,12,17,78,7,2,14,Yes,Yes,Games
Emma,21,1,1.979880263,10,19,25,11,2,2,1,No,No,Games
James,46,8,2.078589712,0,9,1,50,8,2,18,No,No,Books
William,22,29,4.70882272,1,11,40,37,10,5,15,Yes,Yes,Games
James,54,29,4.613621616,10,20,35,82,3,5,0,Yes,Yes,Books
William,49,0,3.349488298,1,8,0,91,9,2,9,Yes,Yes,Books
Emma,53,8,1.695234727,8,4,40,40,1,3,4,No,No,Books
Olivia,31,17,3.592928844,5,1,38,4,6,3,17,No,No,Books
James,36,17,3.647418242,7,10,12,19,4,4,18,No,No,Books
Olivia,43,28,2.662992922,3,9,35,9,8,1,3,No,No,Games
Olivia,46,19,4.711429879,0,6,21,38,10,5,0,Yes,Yes,Games
John,41,12,2.792981308,9,5,0,11,9,2,11,Yes,No,Games
Jane,33,20,4.728657125,1,6,5,25,4,5,20,No,Yes,Books
James,30,0,4.605111027,7,4,20,68,3,1,7,No,No,Games
Michael,25,23,2.709957575,1,7,50,89,7,3,1,No,Yes,Books
Emma,59,18,1.585365312,1,0,49,37,2,4,14,No,Yes,Games
Michael,56,10,4.020447167,2,0,13,30,4,1,0,Yes,Yes,Books
Michael,44,30,3.776293129,4,20,47,95,4,1,17,Yes,Yes,Books
Sophia,56,3,3.316992616,8,17,4,74,6,2,19,Yes,No,Books
James,51,23,3.937060097,1,20,22,28,4,3,14,Yes,No,Games
Michael,60,14,1.464622171,0,14,29,73,7,4,5,No,Yes,Books
Olivia,39,13,1.402040787,3,18,34,68,2,2,9,Yes,No,Books
Michael,57,11,1.552267115,0,13,6,48,6,1,14,No,No,Games
Emma,26,14,4.469332924,3,9,10,1,1,2,5,Yes,Yes,Books
Emma,24,23,3.783425675,7,10,35,85,6,4,8,No,Yes,Games
William,46,3,3.349155713,4,16,13,99,6,2,7,Yes,No,Games
John,42,25,2.211103946,3,3,21,2,5,3,11,Yes,Yes,Books
Sophia,53,10,2.62545871,3,10,28,43,8,3,11,No,Yes,Games
Emma,48,6,4.563358162,0,2,18,27,10,1,18,No,No,Games
Jane,59,25,2.820947907,2,5,6,61,1,5,18,No,No,Games
Michael,35,19,3.727068786,4,7,9,6,1,4,16,No,No,Books
Sophia,22,29,2.031994431,5,20,25,50,4,4,9,No,No,Games
William,39,11,2.034334899,9,2,42,12,9,5,0,Yes,Yes,Games
John,19,27,3.603878511,2,1,15,23,0,0,0,No,No,Books
Sophia,22,0,2.691204698,9,4,19,95,4,5,17,No,Yes,Games
John,34,17,1.295760215,7,4,31,37,2,1,10,Yes,Yes,Games
James,34,7,4.262007086,6,17,25,25,4,3,12,No,No,Games
Emma,26,30,3.759689288,9,1,23,5,5,2,18,Yes,No,Games
William,19,23,2.530684838,5,13,42,61,4,5,2,No,Yes,Books
Michael,59,13,3.52186867,4,20,45,97,0,5,4,No,No,Books
John,59,26,4.29586579,6,7,29,98,6,4,3,Yes,No,Books
William,34,0,2.080914214,0,18,48,37,10,5,10,No,No,Books
James,31,26,1.848514282,1,8,11,88,3,0,18,Yes,No,Games
John,55,23,1.580858359,4,12,21,3,6,5,20,No,No,Games
William,18,19,3.489970247,10,11,39,75,4,3,20,No,No,Games
Sophia,40,0,4.277959523,1,17,47,52,9,3,10,No,Yes,Games
James,49,9,3.884509478,4,6,43,78,10,0,11,No,Yes,Books
Michael,38,21,1.04082605,4,4,1,46,6,5,5,Yes,No,Books
William,56,0,2.319123715,8,7,15,59,4,3,16,Yes,No,Books
William,38,20,1.60785462,4,11,42,9,4,5,0,Yes,Yes,Games
James,48,21,4.815778289,5,9,8,17,3,4,18,Yes,Yes,Games
Sophia,21,3,3.611467692,10,5,32,31,3,2,18,Yes,Yes,Games
Jane,43,19,2.043400632,9,16,25,14,10,1,14,No,No,Books
William,23,20,2.01233087,4,9,12,36,2,0,19,No,No,Books
Sophia,45,4,2.972768418,7,15,8,73,2,5,4,Yes,No,Games
Sophia,31,5,4.207117519,3,10,44,82,1,3,13,Yes,No,Books
John,28,13,4.129588595,0,9,3,7,4,1,3,No,Yes,Games
John,25,0,3.165590584,4,19,35,82,6,0,16,No,No,Books
Emma,44,25,3.539923727,9,20,2,67,8,1,11,Yes,Yes,Games
Sophia,58,9,3.59451546,5,17,49,80,4,2,1,No,Yes,Games
Olivia,30,5,2.071554918,8,5,37,8,4,3,17,Yes,Yes,Games
William,21,7,3.986315617,2,12,50,56,4,5,9,No,Yes,Books
John,41,13,1.679638204,8,6,33,27,1,4,9,No,No,Games
Michael,19,30,3.092060595,8,15,37,35,4,4,12,Yes,Yes,Games
Olivia,43,29,3.470639929,6,19,48,20,3,0,1,Yes,No,Games
Jane,54,15,4.420811937,6,6,19,7,1,5,16,No,No,Books
Michael,58,6,2.862210259,5,15,13,91,7,1,0,No,Yes,Books
William,23,13,4.181585342,5,3,0,36,1,3,20,Yes,Yes,Books
Jane,57,18,3.357705881,4,12,44,70,8,2,9,Yes,Yes,Games
Sophia,58,24,2.97060074,10,7,37,59,5,4,10,No,No,Books
Emma,50,10,1.096117031,7,3,2,26,8,0,8,Yes,Yes,Games
Emma,43,16,3.453690764,1,1,8,76,4,1,5,Yes,Yes,Books
Olivia,45,22,3.358251902,5,9,35,92,7,1,16,Yes,Yes,Games
Sophia,39,17,3.688561602,9,14,5,6,9,2,2,No,Yes,Books
Sophia,26,22,1.950352487,10,2,5,77,9,1,11,Yes,No,Games
Emma,59,15,2.702561707,0,1,11,20,6,4,5,Yes,Yes,Books
Emma,47,18,3.252495216,8,14,7,17,7,3,1,Yes,Yes,Books
Michael,50,17,2.353913119,7,13,20,49,6,1,10,Yes,Yes,Books
Emma,36,1,2.12260672,7,20,44,79,5,2,15,No,No,Games
William,33,18,1.05196448,2,5,44,63,0,2,15,No,No,Books
Jane,25,0,4.436275898,6,9,16,26,2,2,19,Yes,No,Games
Sophia,31,22,2.007569825,5,18,29,74,3,1,4,No,Yes,Books
William,46,1,1.839842822,9,5,36,8,9,5,2,No,No,Books
John,46,30,2.094288748,3,6,5,11,10,2,13,Yes,No,Books
Sophia,39,1,4.953852936,6,8,10,99,7,1,2,No,No,Games
John,50,11,3.37232901,7,6,8,57,3,5,19,Yes,Yes,Books
Olivia,29,20,3.962414566,5,8,45,78,3,0,10,Yes,Yes,Books
James,26,8,2.413474858,3,6,48,86,1,1,18,No,No,Books
James,44,11,3.187412735,10,0,42,52,8,3,4,No,Yes,Books
Emma,27,4,3.373678913,6,2,46,6,0,4,12,Yes,Yes,Games
Michael,55,21,2.020411031,0,10,25,40,5,4,15,No,Yes,Books
Emma,30,30,2.098033805,0,20,16,3,4,4,16,No,No,Games
Jane,49,25,4.316257297,0,1,47,53,5,2,17,Yes,Yes,Games
Jane,39,19,3.391467175,7,0,49,19,0,2,19,Yes,Yes,Games
Sophia,55,17,1.420136596,2,14,38,30,0,2,19,Yes,No,Games
William,29,20,3.772860428,5,20,44,65,9,4,8,No,No,Games
Michael,24,26,4.709770235,6,11,12,83,9,4,9,Yes,No,Games
Jane,58,6,2.225023768,10,19,40,60,9,0,15,No,No,Books
Olivia,51,20,2.849866338,1,14,1,53,9,0,7,Yes,No,Games
Emma,46,1,3.040124942,9,5,12,44,0,2,19,No,Yes,Books
William,38,29,4.449390455,10,14,40,67,3,1,2,No,No,Books
Michael,34,18,1.960441578,7,14,22,12,3,4,6,Yes,Yes,Books
Emma,39,10,4.416987582,8,14,27,72,3,2,10,No,Yes,Games
William,52,12,4.952913744,10,0,27,78,8,5,2,Yes,No,Games
Olivia,45,15,4.606105385,3,14,26,51,10,4,4,No,No,Books
Michael,59,10,1.627160214,1,4,19,11,1,3,7,Yes,Yes,Books
William,50,10,3.48310432,7,15,24,91,3,0,3,Yes,No,Games
Sophia,30,12,3.858490242,2,17,9,55,4,2,3,No,No,Books
Emma,51,28,2.899668259,0,12,24,40,2,1,5,No,Yes,Books
Olivia,41,27,3.934949072,10,20,2,99,2,4,13,No,No,Books
Michael,35,8,1.620161905,8,9,30,69,1,3,14,Yes,Yes,Games
James,37,25,1.723132719,10,2,1,47,8,2,8,Yes,No,Books
Michael,46,14,3.86999421,5,9,8,25,6,2,8,Yes,Yes,Books
Sophia,27,4,4.390433329,8,19,31,35,0,1,20,No,Yes,Games
William,54,16,4.705094559,8,4,50,6,10,4,2,No,No,Games
Emma,23,14,1.278668057,0,1,39,58,4,0,10,Yes,No,Games
James,44,1,1.998036557,10,0,12,75,6,4,4,Yes,No,Games
Emma,36,18,4.895276425,9,15,49,24,3,4,4,Yes,No,Games
Sophia,23,23,2.866115331,7,0,4,89,9,0,20,Yes,Yes,Games
Jane,49,16,4.152056863,3,3,40,58,1,2,19,Yes,No,Games
John,35,30,1.730305335,10,10,17,22,3,3,20,Yes,No,Games
Michael,30,14,2.085172969,4,18,31,96,3,4,9,Yes,No,Books
Olivia,43,0,4.330566297,3,10,25,31,1,1,3,No,Yes,Books
Sophia,19,2,2.204946024,2,18,24,19,2,0,18,Yes,No,Games
John,47,0,1.374742745,3,5,21,90,1,1,18,No,Yes,Games
Olivia,39,20,3.777462116,4,14,37,33,7,4,5,No,No,Games
Michael,38,4,3.832842493,3,17,24,47,9,5,12,No,Yes,Books
Jane,24,10,2.782212459,2,17,23,83,2,4,5,Yes,Yes,Games
Emma,33,11,2.732169848,2,0,13,1,10,2,7,No,Yes,Books
Emma,28,23,4.008593877,6,18,43,25,5,5,0,Yes,Yes,Games
Jane,23,2,1.748131711,3,19,35,39,10,0,2,Yes,Yes,Books
Jane,18,4,3.473947967,0,14,15,49,10,0,18,Yes,Yes,Books
Michael,58,8,4.423540078,9,15,23,77,3,5,6,Yes,No,Games
John,26,2,1.347838032,6,10,49,72,7,4,1,Yes,Yes,Games
John,59,7,2.757923296,7,3,10,79,7,3,20,Yes,No,Books
Michael,38,6,3.725003303,3,4,12,16,1,5,1,Yes,Yes,Games
Emma,60,13,1.191693669,3,4,1,0,10,3,2,No,Yes,Games
Sophia,55,7,1.767181135,9,10,27,4,7,2,17,No,No,Books
Jane,39,24,4.925583949,2,2,36,15,1,0,12,No,Yes,Books
Sophia,46,12,3.953343314,3,9,48,10,4,3,2,Yes,Yes,Games
William,55,12,3.633154642,10,1,22,16,5,4,17,No,Yes,Books
John,28,19,3.241506134,6,3,34,23,9,1,10,Yes,Yes,Books
Sophia,56,12,3.016086856,1,2,45,86,5,3,18,Yes,Yes,Books
Jane,35,18,4.290787428,9,7,30,91,2,4,10,No,Yes,Games
Michael,45,1,1.291146927,8,18,21,25,3,3,11,No,No,Games
Olivia,59,12,2.085427434,1,8,25,7,0,2,0,Yes,No,Books
Sophia,23,20,4.334561326,3,5,1,31,10,1,20,Yes,No,Books
Jane,50,10,4.899832458,2,2,26,16,4,5,2,No,Yes,Books
James,28,4,2.69033271,6,10,44,71,5,3,4,No,No,Books
Sophia,32,7,1.348060014,8,3,21,9,3,1,12,No,No,Games
Emma,50,2,4.16235992,3,5,44,41,7,4,9,No,Yes,Games
John,25,14,1.297336679,8,15,42,72,9,2,4,No,Yes,Games
Olivia,26,7,4.725657966,0,7,19,52,9,5,17,No,No,Books
Michael,24,21,3.047180969,3,12,13,50,0,0,18,Yes,No,Games
Jane,25,15,1.960594865,7,17,34,70,2,3,16,No,Yes,Books
John,39,13,4.80563991,10,9,31,3,5,5,17,Yes,Yes,Games
Emma,22,30,3.208697168,0,10,38,25,1,0,17,No,Yes,Games
James,21,21,1.338291597,7,17,19,43,4,4,6,No,Yes,Books
Emma,32,1,3.476827591,9,5,36,2,1,2,7,Yes,Yes,Games
Jane,58,12,2.836971218,0,20,34,13,6,5,15,No,No,Books
James,27,18,1.182912899,2,2,48,22,0,3,18,Yes,No,Games
William,36,28,4.370800924,10,2,26,29,10,3,16,Yes,Yes,Books
James,30,10,3.070693087,1,14,12,13,1,3,14,Yes,No,Books
Michael,35,29,4.394768576,0,9,33,12,6,0,15,No,Yes,Games
James,23,5,4.952030663,8,10,36,57,5,1,17,Yes,No,Books
Olivia,47,28,4.84388926,8,12,43,55,9,1,6,No,No,Games
William,27,29,4.537330234,5,13,42,75,5,5,9,Yes,Yes,Books
William,47,27,4.888936317,7,17,47,89,4,0,10,No,No,Games
James,39,15,2.026365593,2,18,44,69,5,0,3,No,No,Books
Sophia,54,20,3.244316104,10,16,14,7,2,1,19,No,Yes,Games
Emma,33,12,3.583263038,8,11,12,27,10,2,19,Yes,No,Games
Michael,42,4,4.742417827,10,7,7,85,3,1,16,Yes,Yes,Games
Michael,43,21,1.721158433,1,17,4,10,3,5,10,No,Yes,Books
Michael,41,15,1.628163608,5,19,24,52,3,3,7,No,Yes,Books
James,20,12,4.047408212,4,17,50,52,5,3,19,No,No,Books
James,43,7,2.339961857,0,3,20,32,6,0,18,Yes,No,Books
John,21,4,4.31605436,1,19,41,65,3,4,3,Yes,Yes,Games
Michael,50,20,4.364345363,5,13,22,91,4,0,16,Yes,Yes,Books
John,41,10,3.5588857,3,20,46,54,1,4,7,Yes,No,Books
James,48,4,3.91374147,4,7,24,14,3,1,13,Yes,No,Books
Jane,59,23,2.838783223,3,14,24,32,5,0,3,Yes,Yes,Books
Olivia,28,3,3.350934486,10,14,36,92,9,2,20,Yes,No,Books
Emma,45,16,4.322436561,4,1,2,28,4,3,5,Yes,No,Books
James,58,2,3.829503459,7,18,27,8,6,1,16,Yes,No,Games
John,21,23,1.501533537,7,13,11,55,6,3,8,No,Yes,Books
John,46,16,4.530594833,1,10,46,26,8,2,0,No,No,Books
John,52,16,4.371774274,8,16,25,5,4,1,15,No,Yes,Books
James,25,20,3.692016783,3,4,19,51,0,1,1,Yes,Yes,Games
William,54,27,4.428620419,2,10,27,35,4,3,11,No,No,Games
John,22,27,4.1676318,8,19,45,4,8,0,12,No,No,Games
Michael,43,27,4.033738422,9,16,31,77,3,5,19,No,Yes,Books
Michael,42,12,3.623432667,0,17,6,57,7,1,0,Yes,Yes,Books
Michael,37,4,3.869565355,8,5,46,5,2,2,9,Yes,Yes,Games
Jane,32,12,3.898166665,4,0,0,67,1,2,6,No,Yes,Games
Olivia,24,27,4.434277281,7,13,24,30,2,5,5,Yes,Yes,Games
Michael,46,26,4.229944279,4,19,16,89,9,4,7,No,No,Books
James,18,2,2.683892974,2,18,50,79,6,4,19,No,Yes,Games
John,60,20,3.645823384,6,5,1,7,6,5,15,Yes,Yes,Games
William,29,0,4.587589631,10,10,46,49,0,0,8,No,No,Books
Jane,22,27,1.070401486,6,14,25,80,9,4,14,No,No,Games
John,47,2,2.406779254,2,3,45,40,4,2,6,Yes,Yes,Books
Emma,21,5,1.364272257,2,17,17,23,7,2,16,Yes,No,Games
William,40,27,1.853810996,2,13,32,64,9,3,10,No,Yes,Games
James,36,4,1.60371481,8,1,42,83,7,0,7,Yes,No,Books
Emma,58,23,3.509266404,4,10,16,62,2,5,10,No,Yes,Games
James,57,0,4.780443627,7,19,38,4,10,4,17,Yes,Yes,Books
Olivia,34,14,2.955364223,8,18,5,50,1,3,7,Yes,No,Books
William,21,1,4.642290787,0,10,40,47,7,5,1,Yes,Yes,Books
Emma,57,8,4.172819939,7,4,14,4,1,4,16,No,No,Games
Jane,53,12,4.405920786,9,17,37,35,2,4,13,No,No,Games
Olivia,38,15,2.088323271,2,10,17,55,9,1,7,No,Yes,Games
William,51,4,1.756181261,6,1,6,99,3,4,8,Yes,Yes,Games
James,30,12,2.574296064,1,4,12,53,1,1,17,Yes,Yes,Books
Emma,29,20,4.384917269,0,0,11,41,3,1,7,Yes,No,Books
Emma,22,5,3.823003576,5,7,42,36,7,2,17,No,No,Games
Olivia,40,10,3.037921061,3,0,22,71,2,5,17,Yes,No,Books
Michael,48,1,2.637729079,4,12,24,74,1,1,18,No,No,Games
Emma,21,18,4.625828885,0,14,7,91,7,2,11,Yes,No,Books
Sophia,24,28,4.107875347,0,3,13,89,0,5,20,No,Yes,Books
Emma,35,12,2.598355075,8,19,19,18,3,3,4,No,Yes,Books
John,36,24,3.234263662,10,14,11,73,2,4,16,Yes,No,Games
William,37,26,4.402946149,8,18,13,14,1,1,20,No,No,Games
James,53,29,3.761080127,6,1,31,35,1,0,18,No,Yes,Games
Michael,24,25,2.489485492,8,3,29,16,2,4,11,Yes,No,Books
Emma,18,30,2.171172826,3,1,13,7,5,1,10,No,No,Games
Sophia,41,28,3.775245556,9,7,41,32,6,4,18,No,No,Games
James,40,4,4.004879269,3,14,43,79,6,1,9,Yes,Yes,Books
William,42,7,2.023220106,7,20,28,27,3,5,8,Yes,No,Books
Michael,19,12,4.653715671,5,5,13,55,9,4,0,No,No,Games
Jane,22,30,3.709996522,8,7,18,12,5,0,15,No,No,Books
Olivia,35,27,3.444904658,4,11,1,45,5,5,18,Yes,Yes,Games
William,22,28,1.114130181,8,15,24,66,9,0,9,Yes,Yes,Games
Emma,39,12,3.470209352,0,2,40,59,9,1,20,Yes,Yes,Games
Jane,29,19,3.907286501,6,2,45,74,1,0,0,No,Yes,Books
James,34,2,2.168163865,10,17,10,97,5,3,6,Yes,Yes,Books
James,49,22,2.179318331,4,10,11,7,7,5,11,No,Yes,Games
Jane,36,9,1.90797286,10,15,15,45,6,3,3,Yes,No,Games
Emma,44,18,1.170877775,3,7,3,18,2,3,10,No,No,Games
James,32,20,2.418882408,6,0,35,10,6,5,15,Yes,Yes,Books
James,54,16,1.045901187,1,15,32,57,0,2,0,Yes,No,Books
John,21,1,1.680050932,5,3,36,79,10,0,3,No,Yes,Games
Olivia,53,1,4.7121087,6,0,45,77,8,1,16,Yes,Yes,Games
Sophia,57,10,1.562491617,3,4,9,66,7,4,19,No,No,Books
Sophia,45,10,1.349478426,5,9,12,70,1,0,12,No,No,Games
Michael,57,1,1.111294818,0,18,39,60,8,0,19,No,No,Games
Olivia,43,30,1.018475659,3,6,48,46,1,2,11,No,No,Games
Olivia,56,15,2.830366551,10,2,30,49,8,1,2,Yes,No,Games
Olivia,31,11,1.276651098,9,1,42,23,1,4,12,No,No,Books
James,27,22,2.27304195,0,18,35,6,6,1,13,No,No,Books
Olivia,24,10,2.228779247,9,4,19,39,9,0,16,Yes,Yes,Books
James,37,4,4.326021569,1,12,49,16,3,1,2,Yes,Yes,Games
Michael,23,15,1.556139682,3,5,34,23,0,1,3,Yes,Yes,Books
Olivia,34,14,2.549327275,10,5,22,15,3,3,13,Yes,Yes,Books
Jane,22,0,2.602123148,5,4,40,38,3,4,20,Yes,No,Books
James,41,6,2.047231273,9,13,24,5,1,1,18,Yes,No,Games
Olivia,56,25,3.040894009,4,18,45,12,7,2,5,No,Yes,Games
John,30,2,3.938082864,6,7,15,62,4,4,13,No,No,Books
Olivia,38,6,2.557902942,4,14,15,39,8,3,6,Yes,Yes,Books
Sophia,45,11,4.60603006,10,18,12,73,10,5,19,Yes,Yes,Books
Olivia,44,0,1.303290609,3,11,37,14,3,4,0,Yes,Yes,Books
Emma,51,19,2.816434438,1,8,27,75,5,0,9,No,Yes,Games
William,19,5,4.680599238,1,14,23,82,9,0,20,Yes,No,Books
Olivia,54,26,3.025326991,7,3,50,11,2,4,15,No,Yes,Books
Olivia,21,10,3.170632146,10,1,3,10,9,0,1,No,Yes,Books
Emma,60,18,1.74110541,6,16,24,49,1,5,4,Yes,Yes,Games
Jane,35,25,3.758768827,9,19,48,16,5,3,12,Yes,No,Books
John,35,12,1.942822736,2,5,12,92,7,5,5,No,No,Books
Olivia,55,7,3.662423912,1,8,49,19,1,2,18,No,No,Games
James,31,21,3.147430688,0,12,38,84,8,2,16,No,Yes,Books
Jane,56,6,2.129792572,3,19,28,40,4,2,1,No,Yes,Books
Olivia,45,13,2.578375213,3,9,3,9,3,2,2,No,No,Games
Jane,46,7,2.810920126,2,20,47,31,1,1,4,No,No,Books
John,41,0,2.550151807,8,9,41,21,7,0,1,Yes,Yes,Games
John,37,11,1.597177251,6,10,45,29,5,2,10,Yes,No,Games
Jane,50,8,2.10058425,10,1,48,82,0,1,5,Yes,No,Books
James,19,22,3.681542976,3,16,9,23,5,3,15,No,Yes,Books
James,30,27,3.24115184,10,12,30,93,6,2,7,No,Yes,Books
John,35,17,1.918733358,9,15,28,18,0,0,11,Yes,No,Games
John,50,29,4.307117673,3,14,35,48,10,1,13,No,Yes,Books
Emma,57,8,3.338957813,5,17,15,86,3,1,9,No,No,Books
James,18,30,4.796582492,9,9,23,55,3,2,1,Yes,No,Books
Emma,19,9,1.541486265,2,7,37,10,9,1,0,Yes,No,Books
Olivia,33,22,2.146812709,4,9,45,84,8,5,17,No,Yes,Books
Emma,51,21,3.128166586,2,2,30,45,8,2,12,No,Yes,Games
Michael,34,20,3.131152055,10,7,48,93,5,3,2,Yes,Yes,Games
William,42,3,3.797800591,0,3,32,36,8,3,13,Yes,No,Games
Jane,22,13,2.968982547,6,1,5,21,10,1,6,No,Yes,Books
Michael,32,15,4.455705481,5,8,5,12,10,4,11,No,Yes,Games
Sophia,38,9,1.44410226,9,0,16,54,7,3,19,No,Yes,Games
